{
    "author": "lbenedetto",
    "compatibility": [
        1,
        2
    ],
    "description": "Ignore video files under the configured size per hour per resolution.",
    "icon": "https://raw.githubusercontent.com/Unmanic/unmanic-plugins/official/source/ignore_under_size/icon.png",
    "id": "ignore_video_file_under_size",
    "name": "Ignore video files under size",
    "platform": [
        "all"
    ],
    "priorities": {
        "on_library_management_file_test": 2
    },
    "tags": "library file test",
    "version": "0.0.2"
}
